-- MySQL dump 10.13  Distrib 5.5.32, for debian-linux-gnu (i686)
--
-- Host: localhost    Database: guerrku1_cms
-- ------------------------------------------------------
-- Server version	5.5.32-0ubuntu0.13.04.1

/*!40101 SET @OLD_CHARACTER_SET_CLIENT=@@CHARACTER_SET_CLIENT */;
/*!40101 SET @OLD_CHARACTER_SET_RESULTS=@@CHARACTER_SET_RESULTS */;
/*!40101 SET @OLD_COLLATION_CONNECTION=@@COLLATION_CONNECTION */;
/*!40101 SET NAMES utf8 */;
/*!40103 SET @OLD_TIME_ZONE=@@TIME_ZONE */;
/*!40103 SET TIME_ZONE='+00:00' */;
/*!40014 SET @OLD_UNIQUE_CHECKS=@@UNIQUE_CHECKS, UNIQUE_CHECKS=0 */;
/*!40014 SET @OLD_FOREIGN_KEY_CHECKS=@@FOREIGN_KEY_CHECKS, FOREIGN_KEY_CHECKS=0 */;
/*!40101 SET @OLD_SQL_MODE=@@SQL_MODE, SQL_MODE='NO_AUTO_VALUE_ON_ZERO' */;
/*!40111 SET @OLD_SQL_NOTES=@@SQL_NOTES, SQL_NOTES=0 */;

use guerrku1_cms;

--
-- Table structure for table `Post`
--

DROP TABLE IF EXISTS `Post`;
/*!40101 SET @saved_cs_client     = @@character_set_client */;
/*!40101 SET character_set_client = utf8 */;
CREATE TABLE `Post` (
  `id` int(11) NOT NULL AUTO_INCREMENT,
  `post_type_id` int(11) DEFAULT NULL,
  `user_id` int(11) DEFAULT NULL,
  `daddy_id` int(11) DEFAULT NULL,
  `header` longtext COLLATE utf8_unicode_ci,
  `title` varchar(255) COLLATE utf8_unicode_ci NOT NULL,
  `content` longtext COLLATE utf8_unicode_ci NOT NULL,
  `footer` longtext COLLATE utf8_unicode_ci,
  `postTypeId` int(11) DEFAULT NULL,
  `created_at` datetime DEFAULT NULL,
  `updated_at` datetime DEFAULT NULL,
  `slug` varchar(128) COLLATE utf8_unicode_ci NOT NULL,
  `position` int(11) NOT NULL,
  PRIMARY KEY (`id`),
  UNIQUE KEY `UNIQ_FAB8C3B3989D9B62` (`slug`),
  KEY `IDX_FAB8C3B3F8A43BA0` (`post_type_id`),
  KEY `IDX_FAB8C3B3A76ED395` (`user_id`),
  KEY `IDX_FAB8C3B36CA2598C` (`daddy_id`),
  CONSTRAINT `FK_FAB8C3B36CA2598C` FOREIGN KEY (`daddy_id`) REFERENCES `Post` (`id`),
  CONSTRAINT `FK_FAB8C3B3A76ED395` FOREIGN KEY (`user_id`) REFERENCES `User` (`id`) ON DELETE SET NULL,
  CONSTRAINT `FK_FAB8C3B3F8A43BA0` FOREIGN KEY (`post_type_id`) REFERENCES `PostType` (`id`) ON DELETE SET NULL
) ENGINE=InnoDB AUTO_INCREMENT=59 DEFAULT CHARSET=utf8 COLLATE=utf8_unicode_ci;
/*!40101 SET character_set_client = @saved_cs_client */;

--
-- Dumping data for table `Post`
--

LOCK TABLES `Post` WRITE;
/*!40000 ALTER TABLE `Post` DISABLE KEYS */;
INSERT INTO `Post` VALUES (1,1,1,NULL,NULL,'Quem Somos','<p>Depois de perder mais uma final para os vermes (Copa do&nbsp;<span id=\"span_dynabox\"><label>Brasil</label></span>&nbsp;2006); depois de ver a torcida Vasca&iacute;na n&atilde;o comparecer em mais uma final contra a mulambada, um grupo de amigos, atrav&eacute;s de conversas via Internet, resolveu dar um basta nisso. Usando do site de relacionamentos&nbsp;<span id=\"span_dynabox\"><label>Orkut</label></span>, como&nbsp;<span id=\"span_dynabox\"><label>ferramenta</label></span>&nbsp;para divulgar e alavancar o n&uacute;mero de interessados, criaram um novo Movimento. Um Movimento totalmente diferente das tradicionais torcidas organizadas. Seria uma torcida nos moldes das demais sul-americanas, ou seja, das famosas Barras Bravas.<br /><br />Yuri Kebian e Bernardo Reis foram os idealizadores desse Movimento, que nem nome tinha (afinal o nome n&atilde;o importava). Discutiram sobre a possibilidade de criar a torcida com amigos, recebendo apoio de alguns, como Rodrigo Melo. A partir da&iacute;, escolheram um nome no &ldquo;improviso&rdquo;, criaram a comunidade no orkut e convocaram os Vasca&iacute;nos a entrarem nesta barca. Marcaram a primeira reuni&atilde;o para o dia 04/08 e apenas 9 Guerreiros compareceram (Yuri, Bernardo, Juca, Diego, Leonardo Luz, Dudu Luz, Renata Neris, Mondragon e Renan). Com uma discreta propaganda, por volta de 15 loucos Vasca&iacute;nos fizeram a estr&eacute;ia dos Guerreiros do Almirante, no dia 16/08. Uma estr&eacute;ia t&iacute;mida em n&uacute;mero de componentes, mas enorme em disposi&ccedil;&atilde;o e vibra&ccedil;&atilde;o. Apenas com bandeiras do&nbsp;<span id=\"span_dynabox\"><label>Vasco</label></span>, estes 15 loucos j&aacute; foram notados pelo restante dos torcedores presentes em S&atilde;o Janu&aacute;rio. A partir do terceiro&nbsp;<span id=\"span_dynabox\"><label>jogo</label></span>, j&aacute; estreamos nossas famosas &ldquo;barras&rdquo; (faixas verticais) e nossos primeiros instrumentos. Da&iacute; pra frente, todo mundo j&aacute; sabe o que aconteceu: festas, festas e mais festas.<br /><br /><br /><br />Surgia a Barra mais Louca, tamb&eacute;m conhecida como&nbsp;<strong>Guerreiros do Almirante</strong>.</p>',NULL,NULL,'2013-07-22 17:03:22','2013-08-02 19:42:52','quem-somos',1),(2,1,1,NULL,NULL,'Manifesto','<p><span id=\"span_dynabox\"><label>Rio de Janeiro</label></span>, 16 de agosto de 2009<br /><br /><br />Vasca&iacute;nos espalhados pelos quatro cantos do mundo, saibam que este pequeno documento tem como objetivo prim&aacute;rio, fazer saber a todos voc&ecirc;s que formam a Comunidade Cruzmaltina - a saber, seus s&oacute;cios, sua imensa torcida bem feliz, seus atletas e ex-atletas, funcion&aacute;rios, al&eacute;m de dirigentes, sejam os atuais, os que j&aacute; passaram e principalmente os que ainda vir&atilde;o - o que vem a ser esse movimento que transformou parte da torcida Vasca&iacute;na desde 2006 e que com certeza, muito ter&aacute; ainda para oferecer ao Club de Regatas&nbsp;<span id=\"span_dynabox\"><label>Vasco</label></span>&nbsp;da Gama.<br /><br />Outra meta que queremos atingir &eacute; a de divulgar nossas id&eacute;ias al&eacute;m da Massa Vasca&iacute;na, fazendo chegar ao p&uacute;blico em geral, &agrave;s autoridades legalmente estabelecidas e em particular &agrave; m&iacute;dia, quem somos, o que somos e o que pensamos: antes e acima de qualquer coisa UM grupo de Vasca&iacute;nos que se uniu para amar o clube, sem nenhum interesse financeiro ou pol&iacute;tico-partid&aacute;rio!<br /><br />&Eacute; sabido que h&aacute; mais de cem anos, apaixonados torcedores do Club de Regatas Vasco da Gama t&ecirc;m unido esfor&ccedil;os para transformar o clube do almirante no Gigante que &eacute; hoje. Foi com esse amor incondicional, que lutamos contra preconceitos, quebramos barreiras, constru&iacute;mos o mais belo est&aacute;dio do&nbsp;<span id=\"span_dynabox\"><label>Brasil</label></span>&nbsp;e mudamos a Hist&oacute;ria do&nbsp;<span id=\"span_dynabox\"><label>futebol</label></span>brasileiro.<br /><br />Tamb&eacute;m foi com esse mesmo esp&iacute;rito que no dia 16 de Agosto de 2006, quinze &lsquo;loucos&rsquo; se encontraram em S&atilde;o Janu&aacute;rio, bem ali, na sa&iacute;da 3. Com o decorrer do&nbsp;<span id=\"span_dynabox\"><label>tempo</label></span>, cada vez mais Guerreiros se uniram. A &lsquo;loucura&rsquo; aumentou e o reconhecimento foi conquistado, n&atilde;o apenas como mais um movimento, mas, principalmente, pelo fato de que demonstramos que o nosso lema &lsquo;o Vasco merece muito mais do que podemos oferecer&rsquo; n&atilde;o &eacute; apenas uma&nbsp;<span id=\"span_dynabox\"><label>figura</label></span>&nbsp;de ret&oacute;rica.<br /><br />Os Guerreiros do Almirante foram criados com a finalidade de UNIR toda a Massa Vasca&iacute;na em torno de uma s&oacute; causa: APOIAR O VASCO ACIMA DE TUDO!!! Para isso buscamos inspira&ccedil;&atilde;o no apoio incondicional das Barras Sul-Americanas, na consci&ecirc;ncia pol&iacute;tica dos ULTRAS da Europa, estilos diferentes de torcer das nossas tradicionais Torcidas Organizadas (T.Os), onde &eacute; obrigat&oacute;rio cantar durante todo o&nbsp;<span id=\"span_dynabox\"><label>jogo</label></span>, n&atilde;o importando o placar da partida e onde buscamos levar o torcedor a se associar &agrave; sua paix&atilde;o, com o objetivo de participar mais ativamente dos destinos do seu clube.<br /><br />Mas n&atilde;o somos uma &lsquo;c&oacute;pia pura e simples&rsquo; de nada estrangeiro: nos consideramos um passo al&eacute;m!<br />Juntamos o apoio &lsquo;enlouquecido&rsquo; latino, a atividade pol&iacute;tica, sem ser partid&aacute;ria, dos europeus, com a ginga e o bom humor t&iacute;pico dos cariocas. Isto sintetiza o Movimento Guerreiros do Almirante!<br /><br />N&atilde;o cobramos nada para que as pessoas se juntem aos Guerreiros, apenas que ame o Vasco como n&oacute;s amamos!<br /><br />Gostou do espet&aacute;culo que viu na arquibancada?<br />Gosta de ir aos est&aacute;dios para torcer?<br />Quer fazer parte?<br />Acha que tem disposi&ccedil;&atilde;o para cantar e pular o tempo todo e ama o Vasco de paix&atilde;o?<br />Ent&atilde;o, seu lugar &eacute; aqui!<br /><br />Pegue uma camisa oficial ou licenciada do nosso amado Vasc&atilde;o, e fique no meio das nossas &lsquo;barras&rsquo;, aquelas faixas verticais que v&atilde;o do alto at&eacute; embaixo das nossas arquibancadas, pulando e cantando at&eacute; a vit&oacute;ria final.<br /><br />Procuraremos nos manter totalmente apartid&aacute;rios dentro da pol&iacute;tica interna do Club de Regatas Vasco da Gama, pois abrigamos torcedores do clube e n&atilde;o dos dirigentes. N&atilde;o existe nenhum tipo de liga&ccedil;&atilde;o com qualquer grupo pol&iacute;tico do C.R.V.G., seja ele oposi&ccedil;&atilde;o ou situa&ccedil;&atilde;o.<br /><br />Acreditamos que quem ama o Vasco quer seu crescimento. Por essa raz&atilde;o, n&atilde;o receberemos ingressos gratuitos, seja qual for a diretoria do CRVG. Guerreiro que &eacute; Guerreiro mesmo, PAGA O SEU INGRESSO E AJUDA AO CLUBE!<br /><br />N&atilde;o cantaremos m&uacute;sicas que exaltem apenas o nome do Movimento Guerreiros do Almirante ou que sejam exclusivamente contra os advers&aacute;rios, por&eacute;m, s&oacute; e somente, aquelas que engrande&ccedil;am ainda mais o nosso amado clube e empolguem a nossa Massa. Cita&ccedil;&otilde;es aos advers&aacute;rios e ao nosso Movimento s&atilde;o aceitas nas letras das nossas m&uacute;sicas. NUNCA vaiaremos o time durante uma partida, pois entendemos que isso n&atilde;o contribui de forma alguma. Mas ap&oacute;s as partidas poderemos, ou n&atilde;o, manifestar nosso rep&uacute;dio a alguma situa&ccedil;&atilde;o desagrad&aacute;vel ao clube.<br /><br />N&atilde;o teremos nenhum tipo de uniforme (camisa, cal&ccedil;a ou casaco escrito GdA), pois entendemos que Vasca&iacute;no de verdade usa material OFICIAL OU LICENCIADO DO C.R.V.G, que &eacute;&nbsp;<span id=\"span_dynabox\"><label>fonte</label></span>&nbsp;de recursos para o clube. N&oacute;s n&atilde;o somos concorrentes de quem amamos. O MEMBRO QUE FIZER PARA SEU USO OU PARA VENDA, MATERIAL ALUSIVO A QUALQUER S&Iacute;MBOLOGIA DOS GUERREIROS DO ALMIRANTE EST&Aacute; PASS&Iacute;VEL DE PENALIZA&Ccedil;&Atilde;O POR PARTE DOS CAPPOS.<br /><br />Para n&oacute;s &eacute; fundamental que cada integrante do Movimento se torne s&oacute;cio do clube, pois entendemos que muito mais alto que o brado das arquibancadas &eacute; a voz das urnas. Queremos opinar sobre os destinos do nosso amor e achamos que temos boas id&eacute;ias que venham a ajudar o clube a alavancar sua entrada no s&eacute;culo XXI. Apoiamos a campanha &lsquo;O VASCO &Eacute; MEU&rsquo; e qualquer outra que o Vasco venha a lan&ccedil;ar para captar mais s&oacute;cios.<br /><br />Somos um Movimento de arquibancadas. Evitamos envolvimentos em rixas contra advers&aacute;rios, na medida em que entendemos que nosso maior patrim&ocirc;nio &eacute; o NOSSO COMPONENTE e a sua vida, bem como a sua integridade f&iacute;sica &eacute; nossa preocupa&ccedil;&atilde;o principal.<br /><br />Apesar de uma origem an&aacute;rquica, no sentido popular da palavra, hoje os Guerreiros do Almirante t&ecirc;m um sistema de organiza&ccedil;&atilde;o pr&oacute;prio, voltado para administrar a festa que fazemos nos est&aacute;dios onde o Vasco da Gama joga, e que &eacute; bem diverso do que &eacute; comumente adotado pelas T.Os.<br /><br />Sempre que o Movimento Guerreiros do Almirante for convidado para qualquer reuni&atilde;o, de qualquer grupo pol&iacute;tico do Club de Regatas Vasco da Gama, torcidas organizadas, associa&ccedil;&otilde;es e movimentos se far&aacute; representar por suas lideran&ccedil;as, no papel de ouvintes interessados, pois entendemos que o debate pol&iacute;tico &eacute; inerente do ser humano, ainda mais porque a torcida do Vasco &eacute; a mais politizada do Brasil. Estarmos representados nessas reuni&otilde;es N&Atilde;O NOS LIGA A NENHUM GRUPO POL&Iacute;TICO DO VASCO DA GAMA, pois reafirmamos aqui o car&aacute;ter APARTID&Aacute;RIO E PLURAL do Movimento, uma de suas bandeiras desde sua funda&ccedil;&atilde;o, em 2006.<br /><br />O fato de sermos APARTID&Aacute;RIOS, pois temos membros de todas as correntes pol&iacute;ticas do clube, n&atilde;o pro&iacute;be de mantermos sempre abertos ao di&aacute;logo, com qualquer corrente pol&iacute;tica do C.R.V.G, pois esta &eacute; a &uacute;nica forma que entendemos ser capaz de propiciar o avan&ccedil;o da &ldquo;Massa Vasca&iacute;na&rdquo;.<br /><br />N&oacute;s n&atilde;o temos um presidente, temos v&aacute;rios l&iacute;deres, que chamamos de &lsquo;Cappos&rsquo;, que s&atilde;o as pessoas que tomam as decis&otilde;es mais importantes e tamb&eacute;m, S&Atilde;O AUTORIZADOS A FALAR EM NOME DOS GUERREIROS DO ALMIRANTE. Os Cappos dos Guerreiros do Almirante t&ecirc;m o DEVER de sempre prestar contas do fluxo de capital do Movimento, cujo balan&ccedil;o mensal &eacute; publicado na internet para consulta de todos.<br /><br />Al&eacute;m dos Cappos, existem os Conselheiros, que s&atilde;o formados por pessoas que t&ecirc;m anos de arquibancada e que, na medida do poss&iacute;vel, de uma forma ou de outra, acabaram sempre nos ajudando. O Conselho servir&aacute; para blindar o GdA de qualquer problema interno e at&eacute; mesmo ajudar os cappos quando for solicitado. &Eacute; dever do Conselho fiscalizar o trabalho dos Cappos, mostrar alternativas para as quest&otilde;es internas e externas do Movimento. Tamb&eacute;m, quando necess&aacute;rio, ser a &lsquo;voz&rsquo; dos Guerreiros do Almirante.<br /><br />Esses dois grupos se re&uacute;nem periodicamente para analisar os rumos do Movimento. Tamb&eacute;m s&atilde;o lideran&ccedil;as importantes os respons&aacute;veis pelos &lsquo;bairros&rsquo; - forma que os Guerreiros se aglutinam em todo estado do Rio de Janeiro - e os que comandam nossos Consulados, como chamamos os Guerreiros fora do estado do Rio de Janeiro, pois j&aacute; temos c&eacute;lulas como essas espalhadas de norte a sul &ndash; &lsquo;norte sul, norte sul desse pa&iacute;s&rsquo;!<br /><br />Essas Lideran&ccedil;as devem seguir as determina&ccedil;&otilde;es contidas em um documento especificamente redigido por elas e para elas, visando padronizar atitudes e posturas, divulgando nossa ideologia de amor incondicional ao Vasco da Gama. Para se abrir uma &ldquo;nova unidade&rdquo; do GdA, &eacute; preciso que se saiba exatamente o que somos, assegurando que as pessoas tenham firmeza de que realmente querem participar do nosso Movimento. Para finalizar, existem tamb&eacute;m lideran&ccedil;as espec&iacute;ficas para &aacute;reas como RELA&Ccedil;&Otilde;ES P&Uacute;BLICAS, CARAVANAS, MATERIAL, BANDA e PROJETOS SOCIAIS , entre outros, como constam no nosso organograma.&nbsp;<br /><br />Com esse conciso documento esperamos ter atingido os objetivos por n&oacute;s propostos logo no come&ccedil;o da sua elabora&ccedil;&atilde;o: informar &agrave; comunidade Vasca&iacute;na quem s&atilde;o, o que pensam e o que querem os ANTIGOS LOUCOS DA SA&Iacute;DA 3!<br /><br />COM OS GUERREIROS DO ALMIRANTE O SENTIMENTO NUNCA VAI PARAR!!!<br /><br />Sauda&ccedil;&otilde;es Verdadeiramente Vasca&iacute;nas!<br /><br /><br /><br />Capos:<br /><br />Diego Dias \"Dix\"<br />Renan Figueira<br />Davidson de Mattos<br />Marco T&uacute;lio&nbsp;</p>',NULL,NULL,'2013-07-22 17:04:58','2013-08-02 19:43:03','manifesto',2),(3,1,1,NULL,NULL,'Loja Virtual','<p><strong>Em breve</strong></p>',NULL,NULL,'2013-07-22 17:05:45','2013-08-05 22:31:12','loja-virtual',3),(6,1,1,NULL,NULL,'Links','<p><strong>| GUERREIROS DO ALMIRANTE |</strong></p>\r\n<p><a href=\"http://www.facebook.com/gdavg\">Facebook - P&aacute;gina</a>&nbsp;-&nbsp;<a href=\"http://www.facebook.com/groups/gda2011/\" target=\"_blank\">Facebook - Grupo</a>&nbsp;-&nbsp;<a href=\"http://www.facebook.com/groups/guerreirasvascainas/\" target=\"_blank\">Guerreiras Vasca&iacute;nas</a></p>\r\n<p><a href=\"http://www.orkut.com/Community.aspx?cmm=20190492\" target=\"_blank\">Orkut - Comunidade</a>&nbsp;-&nbsp;<a href=\"http://www.twitter.com/gdavg\">Twitter</a>&nbsp;-&nbsp;<a href=\"http://www.myspace.com/gdavg\" target=\"_blank\">Myspace</a>&nbsp;-&nbsp;<a href=\"http://www.youtube.com/gdamultimidia\" target=\"_blank\">Youtube</a>&nbsp;-&nbsp;<a href=\"http://www.formspring.me/gdavg\" target=\"_blank\">Formspring</a></p>\r\n<p><strong>| BAIRROS |</strong></p>\r\n<p>BAIXADA -&nbsp;<a href=\"http://www.orkut.com.br/Main#Community?cmm=93778259\" target=\"_blank\">Orkut</a>&nbsp;-&nbsp;<a href=\"https://www.facebook.com/groups/134256046648858\" target=\"_blank\">Facebook</a></p>\r\n<p>M&Eacute;IER -&nbsp;<a href=\"http://www.orkut.com.br/Main#Community?cmm=52659360\" target=\"_blank\">Orkut</a>&nbsp;-&nbsp;<a href=\"https://www.facebook.com/groups/224800260898296\" target=\"_blank\">Facebook</a></p>\r\n<p>JABARECREIO (Jacarep&aacute;gua, Barra e Recreio) -&nbsp;<a href=\"http://www.orkut.com.br/Main#Community?cmm=99398226\" target=\"_parent\">Orkut</a>&nbsp;-&nbsp;<a href=\"https://www.facebook.com/groups/115526035214684\" target=\"_blank\">Facebook</a></p>\r\n<p>VILA DA PENHA -&nbsp;<a href=\"http://www.orkut.com.br/Main#Community?rl=cpp&amp;cmm=114350353\" target=\"_blank\">Orkut</a>&nbsp;-&nbsp;<a href=\"http://www.facebook.com/profile.php?id=100002423677810\" target=\"_blank\">Facebook</a></p>\r\n<p>ZONA OESTE -&nbsp;<a href=\"http://www.orkut.com.br/Main#Community?cmm=36412357\" target=\"_blank\">Orkut</a>&nbsp;-&nbsp;<a href=\"http://www.facebook.com/groups/gda.zo\" target=\"_blank\">Facebook</a></p>\r\n<p>ZONA SUL -&nbsp;<a href=\"http://www.orkut.com.br/Main#Community?cmm=33574400\" target=\"_blank\">Orkut</a>&nbsp;-&nbsp;<a href=\"http://www.facebook.com/groups/106464896102196\" target=\"_blank\">Facebook</a></p>\r\n<p>RAMOS -&nbsp;<a href=\"http://www.orkut.com.br/Main#Community?cmm=96464016\" target=\"_blank\">Orkut</a></p>\r\n<p>VILA VALQUEIRE -&nbsp;<a href=\"http://www.orkut.com.br/Main#Community?cmm=65960977\" target=\"_blank\">Orkut</a></p>\r\n<p>JARDIM AM&Eacute;RICA -&nbsp;<a href=\"http://www.orkut.com.br/Main#Community?cmm=57177905\" target=\"_blank\">Orkut</a></p>\r\n<p>ILHA DO GOVERNADOR -&nbsp;<a href=\"http://www.orkut.com.br/Main#Community?cmm=49090254\" target=\"_blank\">Orkut</a></p>\r\n<p>IRAJ&Aacute; -&nbsp;<a href=\"http://www.orkut.com.br/Main#Community?cmm=50230237\" target=\"_blank\">Orkut</a></p>\r\n<p>S&Atilde;O CRISTOV&Atilde;O -&nbsp;<a href=\"http://www.orkut.com.br/Main#Community?cmm=98299417\" target=\"_blank\">Orkut</a></p>\r\n<p>LEOPOLDINA -&nbsp;<a href=\"http://www.orkut.com.br/Main#Community?cmm=49955394\" target=\"_blank\">Orkut</a></p>\r\n<p>TIJUCA -&nbsp;<a href=\"http://www.orkut.com.br/Main#Community?cmm=24804642\" target=\"_blank\">Orkut</a>&nbsp;-&nbsp;<a href=\"http://pt-br.facebook.com/groups/211721778862994\" target=\"_blank\">Facebook</a></p>\r\n<p><strong>| CONSULADOS RJ |</strong></p>\r\n<p>NITER&Oacute;I/S&Atilde;O GON&Ccedil;ALO -&nbsp;<a href=\"http://www.orkut.com.br/Main#Community?cmm=106695229\" target=\"_blank\">Orkut</a>&nbsp;-&nbsp;<a href=\"http://www.facebook.com/groups/201645856535862\" target=\"_blank\">Facebook</a></p>\r\n<p>SUL DO ESTADO -&nbsp;<a href=\"http://www.orkut.com.br/Main#Community?cmm=27566530\" target=\"_blank\">Orkut</a>&nbsp;-&nbsp;<a href=\"https://www.facebook.com/groups/273932505958411/?ref=ts\" target=\"_blank\">Facebook</a></p>\r\n<p>REGI&Atilde;O SERRANA -&nbsp;<a href=\"http://www.orkut.com.br/Main#Community?cmm=27720058\" target=\"_blank\">Orkut</a></p>\r\n<p>CAMPOS/RJ -&nbsp;<a href=\"http://www.orkut.com.br/Main#Community?cmm=39882512\" target=\"_blank\">Orkut</a></p>\r\n<p>MACA&Eacute; -&nbsp;<a href=\"http://www.orkut.com.br/Main#Community?cmm=55756568\" target=\"_blank\">Orkut</a></p>\r\n<p>REGI&Atilde;O DOS LAGOS -&nbsp;<a href=\"http://www.orkut.com.br/Main#Community?cmm=90042933\" target=\"_blank\">Orkut</a></p>\r\n<p>PETR&Oacute;POLIS -&nbsp;<a href=\"http://www.orkut.com.br/Main#Community?cmm=95907192\" target=\"_blank\">Orkut</a></p>\r\n<p><strong>| CONSULADOS OFF-RIO |</strong></p>\r\n<p>ESP&Iacute;RITO SANTO -&nbsp;<a href=\"http://www.orkut.com.br/Main#Community?cmm=49310598\" target=\"_blank\">Orkut</a>&nbsp;-&nbsp;<a href=\"http://pt-br.facebook.com/groups/gdaes/\" target=\"_blank\">Facebook</a></p>\r\n<p>DISTRITO FEDERAL -&nbsp;<a href=\"http://www.orkut.com.br/Main#Community?cmm=29128526\" target=\"_blank\">Orkut</a></p>\r\n<p>SANTA CATARINA -&nbsp;<a href=\"http://www.orkut.com.br/Main#Community?cmm=50458297\" target=\"_blank\">Orkut</a></p>\r\n<p>PERNAMBUCO -&nbsp;<a href=\"http://www.orkut.com.br/Main#Community?cmm=112280475\" target=\"_blank\">Orkut</a>&nbsp;-&nbsp;<a href=\"http://pt-br.facebook.com/groups/175537119163691\" target=\"_blank\">Facebook</a></p>',NULL,NULL,'2013-07-22 17:12:10','2013-08-27 20:37:49','links',6),(7,1,1,NULL,NULL,'Contato','<p>Em breve...</p>',NULL,NULL,'2013-07-22 17:13:59','2013-08-04 17:17:50','contato',8),(8,1,1,NULL,NULL,'Multimídia','<p><strong>Em breve</strong></p>',NULL,NULL,'2013-08-01 09:23:35','2013-08-05 22:31:27','multimidia',4),(12,5,1,NULL,NULL,'Novo site','<p>Fala galera, aqui quem fala &eacute; o Victor, sou o programador respons&aacute;vel pela cria&ccedil;&atilde;o do novo site da Guerreiros do Almirante.</p>\r\n<p>Sou realmente grato ao movimento por me prover tantas alegrias, por isso tomei a iniciativa de fazer esse agrado, pois estavamos precisando.</p>\r\n<p>A sess&atilde;o multim&iacute;dia (fotos e v&iacute;deos), deve ser disponibilizada em breve, assim como a loja virtual e o sistema de pagamento integrado ao PagSeguro, assim que esse sistema for implementado, todos os pagamentos poder&atilde;o ser realizados por cart&atilde;o de cr&eacute;dito (caravanas, caixinhas, contribui&ccedil;&otilde;es, etc.).</p>\r\n<p>Partindo de hoje, o site ser&aacute; atualizado pelo Luciano, <em>vulgo Tio Chico</em>.</p>\r\n<p>Grande abra&ccedil;o a todos!</p>\r\n<p><strong>SV!</strong></p>',NULL,NULL,'2013-08-01 09:37:23','2013-08-04 17:13:47','estreia-do-site',1),(13,4,1,NULL,NULL,'Cruzeiro x Vasco','<p>COME&Ccedil;O DE M&Ecirc;S, O VASCO PRECISA DA GENTE, &Eacute; CARAVANA, &Eacute; HIST&Oacute;RIA, &Eacute; AMIZADE, &Eacute; FESTA. BORA!<br /><br />Data: 01/09/2013 (Domingo)<br />Valor da Caravana (dep&oacute;sito): R$ 65,00 (Sem ingresso)<br />Valor da Caravana (pagseguro): R$ 70,00, parcelado em at&eacute; 18x (Sem ingresso)<br />Local do Jogo: Mineir&atilde;o - Belo Horizonte/MG<br />Local de sa&iacute;da: S&atilde;o Janu&aacute;rio (Bar da GDA - Em frente as sociais)<br />Sa&iacute;da: Em breve<br /><br />INGRESSO: Assim que tivermos informa&ccedil;&otilde;es, divulgaremos.<br /><br />/+/ AO VASCO TUDO /+/<br /><br />O NOME S&Oacute; ENTRA NA LISTA SE PAGAR.<br /><br />Vamos fazer por onde, SOMOS OS LOUCOS DA SAIDA 3!!!! <br /><br />CONVOQUEM OS VASCA&Iacute;NOS/GUERREIROS QUE VOC&Ecirc;S CONHECEM!</p>\r\n<p><br />/+/ CONTRA TUDO E CONTRA TODOS /+/</p>',NULL,NULL,'2013-08-02 16:34:01','2013-08-12 14:30:55','cruzeiroxvasco',2),(15,3,2,NULL,NULL,'Ê Da-lhe ô','<p>E d&aacute;-lhe eo e d&aacute;-lhe eo... D&aacute;-lhe Vasco, d&aacute;-lhe eo</p>\r\n<p>E d&aacute;-lhe eo e d&aacute;-lhe eo... D&aacute;-lhe Vasco, d&aacute;-lhe eo</p>\r\n<p><a title=\\\"Download da m&uacute;sica\\\" href=\\\"http://www.4shared.com/audio/3qcIkuBc/GDA_-_12_-_Da-lhe_Vasco_da-lhe.html\\\" target=\\\"_blank\\\">Download</a></p>',NULL,NULL,'2013-08-04 17:27:16','2013-08-05 23:08:10','dalheo',1),(16,3,2,NULL,NULL,'Eu Sou Boêmio, Sim Senhor!','<p>Eu sou bo&ecirc;mio sim senhor!</p>\r\n<p>E bebo todas que vier!<br />Bebo pelo meu Vascooo!<br />O meu &uacute;nico amor!</p>\r\n<p>E d&aacute;-lhe, d&aacute;&aacute;&aacute;&aacute;&aacute;&aacute;-lhe meu Vasco!<br />E d&aacute;-lhe, d&aacute;&aacute;&aacute;&aacute;&aacute;&aacute;-lhe meu Vasco!<br />E d&aacute;-lhe, d&aacute;-lhe meu Vasco!!!</p>\r\n<p><a href=\\\"http://www.4shared.com/audio/Ieh-2KBn/GDA_-_27_-_Eu_sou_boemio_sim_s.html\\\" target=\\\"_blank\\\">Download</a></p>',NULL,NULL,'2013-08-04 17:32:17','2013-08-05 23:09:09','souboemio',2),(17,5,2,NULL,NULL,'Texto de Boas Vindas','<p>Guerreiros(as),<br /><br />Com a programa&ccedil;&atilde;o de Victor Martins, e colabora&ccedil;&atilde;o de Luciano (Tio Chico), anunciamos o novo site do Movimento Guerreiros do Almirante.<br /><br />Com previs&atilde;o de lan&ccedil;amento para Setembro, vem tamb&eacute;m a nova loja virtual.<br /><br />No novo site do GDA, daremos mais destaques as not&iacute;cias e divulga&ccedil;&atilde;o da nossa m&iacute;dia (Fotos e V&iacute;deos).<br /><br />Voc&ecirc;s poder&atilde;o encontrar tamb&eacute;m informa&ccedil;&otilde;es sobre caravanas, temos um menu exclusivo para o nosso manifesto, que &eacute; como se fosse nossa identidade.<br /><br />Tamb&eacute;m temos links de grupos, sites, comunidades, perfis dos nossos bairros e consulados que ainda ser&atilde;o atualizados.</p>\r\n<p>Temos tamb&eacute;m links para o site do programa de s&oacute;cios do Vasco e atualiza&ccedil;&atilde;o em tempo real dos pagamentos e cadastros do site da campanha \\\'Vasco D&iacute;vida Zero\\\'</p>\r\n<p><br />Sauda&ccedil;&otilde;es Vasca&iacute;nas!<br /><br />Movimento Guerreiros do Almirante</p>',NULL,NULL,'2013-08-05 09:44:39','2013-08-05 10:21:23','boas_vindas',1),(18,3,2,NULL,NULL,'Camisas Negras','<p>Eu vou torcer</p>\r\n<p>Aqui eu ergui meu templo para vencer</p>\r\n<p>Eu j&aacute; lutei por negros e oper&aacute;rios<br />Te enfrentei, venci, fiz S&atilde;o Janu&aacute;rio<br />Camisas Negras que guardo na mem&oacute;ria<br />Gl&oacute;ria, lutas, vit&oacute;rias esta &eacute; minha hist&oacute;ria<br /><br />Que honra ser<br />Saiba eu sou vasca&iacute;no, muito prazer<br />Jamais ter&aacute;s a Cruz, este &eacute; meu batismo<br />Eu tive que lutar contra o teu racismo<br />Veja como &eacute; grande meu sentimento<br />E por amor ergui esse monumento</p>',NULL,NULL,'2013-08-05 22:41:07','2013-08-05 22:43:05','camisasnegras',3),(19,3,2,NULL,NULL,'A Barra Mais Louca','<div id=\\\"\\\\&quot;div_letra\\\\&quot;\\\" data-linhas=\\\"\\\\&quot;12\\\\&quot;\\\">\r\n<p>Chora urubu imundo<br /> Chora p&oacute; de arroz tamb&eacute;m</p>\r\n<p>Chora cachorro viado, <br /> que nunca ganhou de ningu&eacute;m</p>\r\n<p>somos a barra mais louca<br /> Do clube que varre geral</p>\r\n<p>Amigo, eu sou Vasca&iacute;no<br /> Eu sou Bacalhau</p>\r\n<p>&ocirc;&ocirc;&ocirc;&Ocirc;&Ocirc;&Ocirc;&Ocirc;&Ocirc;&Ocirc;&Ocirc;&Ocirc;...</p>\r\n</div>',NULL,NULL,'2013-08-05 22:44:48','2013-08-05 23:09:49','abarramaislouca',4),(20,3,2,NULL,NULL,'A Mulambada Toda Chora','<div id=\\\"\\\\&quot;div_letra\\\\&quot;\\\" data-linhas=\\\"\\\\&quot;10\\\\&quot;\\\">\r\n<p>&Ocirc;&ocirc;&ocirc;&ocirc;&ocirc;</p>\r\n<p>Vasc&atilde;o ol&ecirc; ol&ecirc; ol&ecirc; x3</p>\r\n<p>&Ocirc;&ocirc;&ocirc;</p>\r\n<p>E no maraca vou curtir<br /> Em S&atilde;o Jan&uacute; vou me acabar</p>\r\n<p>E a mulambada toda chora<br /> N&atilde;o tem est&aacute;dio pra jogar</p>\r\n</div>',NULL,NULL,'2013-08-05 22:46:22','2013-08-05 23:10:22','amulambadatodachora',5),(21,3,2,NULL,NULL,'Almirante Glorioso','<p>O Almirante Glorioso vai chegar.<br /> Abram alas para a cruz que te ilumina.<br /> O meu Vasco &eacute; temido e &eacute; guerreiro!<br /> N&atilde;o se entrega luta sempre o tempo inteiro!<br /> Libertadores, Carioca ou Brasileiro.<br /> Tua fama atravessa as fronteiras.<br /> Vasco da Gama, assim tremulam as bandeiras (2x)<br /> N&atilde;o importa o que digam,<br /> Minha vida &eacute; seguir ao seu lado.<br /> Sua Historia &eacute; orgulho,<br /> Eu recito, n&atilde;o fico calado.<br /> Vamos vamos meu Vasco,<br /> Te confio mais esta vit&oacute;ria.<br /> Cantem junto comigo,<br /> O refr&atilde;o que n&atilde;o sai da mem&oacute;ria .</p>',NULL,NULL,'2013-08-05 22:47:55','2013-08-05 22:47:55','almiranteglorioso',6),(22,3,2,NULL,NULL,'Anna Julia (Versão Vascaína)','<div id=\\\"div_letra\\\" data-linhas=\\\"13\\\">\r\n<p>Sempre ao teu lado at&eacute; o fim<br /> Minha vida &eacute; voc&ecirc;<br /> E a torcida do vasc&atilde;o<br /> Sempre t&atilde;o linda<br /> N&oacute;s viemos para te apoiar<br /> Juntos vamos cantar<br /> Na alegria e na dor<br /> O sentimento n&atilde;o para<br /> Pois todo vasca&iacute;no<br /> Tem amor infinito<br /> Cantarei de cora&ccedil;&atilde;o</p>\r\n<p>Vasco da gama<br /> Vasco da gama</p>\r\n</div>',NULL,NULL,'2013-08-05 22:49:13','2013-08-05 22:49:13','annajulia',7),(23,3,2,NULL,NULL,'Bebendo Muita Cerveja Vou Te Apoiar','<div id=\\\"\\\\&quot;div_letra\\\\&quot;\\\" data-linhas=\\\"\\\\&quot;10\\\\&quot;\\\">\r\n<p>D&aacute;-lhe, d&aacute;-lhe e&ocirc;.<br /> D&aacute;-lhe, meu Vasco.<br /> D&aacute;-lhe, d&aacute;-lhe e&ocirc;.<br /> D&aacute;-lhe, meu Vasco.</p>\r\n<p>Tem jogo em S&atilde;o Janu&aacute;rio &eacute; s&oacute; loucuraaaa!<br /> Ganhando ou perdendo estou na lutaaa!<br /> Jogando com muita garra... O jogo vamos ganhar<br /> Bebendo muita cerveja vou te apoiar!!</p>\r\n<p>D&aacute;-lhe, d&aacute;-lhe e&ocirc;...</p>\r\n</div>',NULL,NULL,'2013-08-05 22:50:00','2013-08-05 23:11:10','bebendomuitacerveja',8),(25,3,2,NULL,NULL,'Eu Te Sigo','<div id=\\\"div_letra\\\" data-linhas=\\\"10\\\">\r\n<p>Vamo, vamo, vamo Vasco para ganhar,<br /> vamo, vamo, vamo Vasco para ganhar!</p>\r\n<p>Eu te sigo todo hora seja onde v&aacute;,<br /> cada vez te quero mais, &ocirc; vamo, vamo!</p>\r\n<p>Vamo, vamo, vamo Vasco para ganhar,<br /> vamo, vamo, vamo Vasco para ganhar!</p>\r\n<p>Eu te sigo todo dia seja onde v&aacute;,<br /> cada vez te quero mais, &ocirc; vamo, vamo!</p>\r\n</div>',NULL,NULL,'2013-08-05 22:53:55','2013-08-05 22:53:55','eutesigo',10),(26,3,2,NULL,NULL,'Máscara Negra','<div id=\\\"\\\\&quot;div_letra\\\\&quot;\\\" data-linhas=\\\"\\\\&quot;10\\\\&quot;\\\">\r\n<p>Quanto riso. Oh, quanta alegria</p>\r\n<p>mais um gol do Vasco, que emo&ccedil;&atilde;o<br /> o Juninho est&aacute; batendo a Cruz-de-Malta da camisa<br /> o Vasco &eacute; o campe&atilde;o</p>\r\n<p>A Mercosul em 2000. 4 a 3 quem n&atilde;o viu<br /> a virada mais sen-sa-cio-nal<br /> (eu) vou lembrar-te agora, n&atilde;o me leve a mal<br /> Vasco &eacute; imortal</p>\r\n</div>',NULL,NULL,'2013-08-05 22:54:41','2013-08-05 23:11:52','mascaranegra',11),(27,3,2,NULL,NULL,'Vasco Meu Velho Amigo','<div id=\\\"div_letra\\\" data-linhas=\\\"7\\\">\r\n<p>Vasco, meu velho amigo.<br /> Nesta campanha estarei sempre contigo.<br /> Te amarei de cora&ccedil;&atilde;o.<br /> Com nossa torcida, tu ser&aacute;s o campe&atilde;o.</p>\r\n<p>N&atilde;o importa o que diga.<br /> Esta imprensa de urubu.<br /> Eu te sigo a toda parte e cada vez te amo mais!</p>\r\n</div>',NULL,NULL,'2013-08-05 22:55:55','2013-08-05 22:55:55','vascomeuvelhoamigo',12),(28,3,2,NULL,NULL,'Tô Sem o Ingresso, Tô Sem o Dinheiro','<p>N&atilde;o tenho ingresso , to sem o dinheiro ( muito louco )<br /> S&oacute; marijuana para te apoiar ( e da-lhe , e da-lhe , e da-lhe )<br /> Muitos se falam mas poucos frequentam<br /> Que gira a roleta n&atilde;o pode amargar</p>\r\n<p>Urubu imundo eu vou te dizer<br /> Que essa noite tu vai tremer<br /> Te juro tu vai tremer<br /> E vai pra casa se fuder</p>\r\n<p>&nbsp;</p>\r\n<p>Essa &eacute; a banda louca da gda<br /> Juntos vamos ganhar<br /> Essa ta&ccedil;a levantar<br /> E a noite comemorar</p>',NULL,NULL,'2013-08-05 22:56:42','2013-08-05 23:13:39','semingressosemdinheiro',13),(29,3,2,NULL,NULL,'O Meu Amor Por Ti é Imortal','<div id=\\\"\\\\&quot;div_letra\\\\&quot;\\\" data-linhas=\\\"\\\\&quot;8\\\\&quot;\\\">\r\n<p>Oh meu Vasc&atilde;o<br /> &eacute;s minha maior paix&atilde;o<br /> n&atilde;o h&aacute; no mundo igual<br /> o meu amor por ti, &eacute; imortal</p>\r\n<p>Aonde for<br /> contigo eu estarei<br /> pro mundo inteiro ouvir<br /> o meu amor por ti, eu cantarei</p>\r\n</div>',NULL,NULL,'2013-08-05 22:57:25','2013-08-05 23:15:08','omeuamorporti',14),(30,3,2,NULL,NULL,'O Sentimento Não Pode Parar','<div id=\\\"div_letra\\\" data-linhas=\\\"3\\\">\r\n<p>Ole ole ole ole ole ole ola... Ole ole ole</p>\r\n<p>a cada dia, te quero mais&hellip; Sooooou Vascainoo&hellip; <br /> e o sentimento&hellip; N&atilde;o pode paraaaaaar!!</p>\r\n</div>',NULL,NULL,'2013-08-05 22:58:32','2013-08-05 22:58:32','sentimentonaopodeparar',15),(31,3,2,NULL,NULL,'Hoje o Vasco Vai Vencer','<div id=\\\"\\\\&quot;div_letra\\\\&quot;\\\" data-linhas=\\\"\\\\&quot;15\\\\&quot;\\\">\r\n<p>O sentimento est&aacute; estampado nas bandeiras...<br /> Por isso que eu vou te amar a vida inteira...<br /> Os meus rivais que v&atilde;o pra p. que pariu!!!<br /> Pois minha torcida &eacute; a mais vibrante do Brasil!!!</p>\r\n<p>Eu n&atilde;o desisto porque eu sou vasca&iacute;no...<br /> Eu sou do clube mais amado aqui do Rio...<br /> Que n&atilde;o desiste e nunca p&aacute;ra de lutar!!!<br /> O Almirante sempre joga pra ganhar!!!</p>\r\n<p>Hoje o Vasco vai venceeer...<br /> O Vasco vai venceeer.<br /> O Vasco vai venceeer.<br /> Hoje o Vasco vai venceeer...<br /> O Vasco vai venceeer.<br /> O Vasco vai venceeer.</p>\r\n</div>',NULL,NULL,'2013-08-05 22:59:17','2013-08-05 23:15:53','hojeovascovaivencer',16),(32,3,2,NULL,NULL,'Por Ti Vasco da Gama','<div id=\\\"div_letra\\\" data-linhas=\\\"19\\\">\r\n<p>De S&atilde;o Janu eu grito ao mundo inteiro!<br /> O sentimento nunca vai parar!<br /> Sou vasca&iacute;no, torcedor guerreiro.<br /> Meu Caldeir&atilde;o hoje vai balan&ccedil;ar!</p>\r\n<p>A cada dia renovo o meu amor...<br /> Levo no peito a mesma Cruz do meu Senhor.</p>\r\n<p>A tua hist&oacute;ria traz orgulho a quem te ama...<br /> J&aacute; nasci Vasco da Gama...<br /> Pra sempre vou te amar!<br /> A tua hist&oacute;ria traz orgulho a quem te ama...<br /> J&aacute; nasci Vasco da Gama...<br /> Pra sempre vou te amar!</p>\r\n<p>Por ti Vasco da Gama, declaro o meu amor!!!<br /> Ai ai &ocirc; &ocirc;</p>\r\n<p>Por ti Vasco da Gama, declaro o meu amor!!!<br /> Ai ai &ocirc; &ocirc;</p>\r\n</div>',NULL,NULL,'2013-08-05 22:59:51','2013-08-05 22:59:51','portivascodagama',17),(33,3,2,NULL,NULL,'Quando Meu Vasco Joga','<div id=\\\"div_letra\\\" data-linhas=\\\"16\\\">\r\n<p>Quando o meu Vasco joga<br /> Eu vou para incentivar</p>\r\n<p>Ganhando ou perdendo<br /> N&atilde;o paro de cantar</p>\r\n<p>No dia que eu morrer<br /> Eu quero o meu caix&atilde;o</p>\r\n<p>Com uma Cruz de Malta<br /> Como meu cora&ccedil;&atilde;o</p>\r\n<p>Alegria, Alegria<br /> Ol&ecirc; Ol&ecirc; Ol&aacute;</p>\r\n<p>Vamos Vasco toda vida<br /> Jogando para ganhar</p>\r\n</div>',NULL,NULL,'2013-08-05 23:00:26','2013-08-05 23:00:26','quandomeuvascojoga',18),(34,3,2,NULL,NULL,'São Januário Meu Caldeirão','<div id=\\\"\\\\&quot;\\\\\\\\&quot;\\\\\\\\\\\\\\\\&quot;\\\\\\\\\\\\\\\\\\\\\\\\\\\\\\\\&quot;\\\\\\\\\\\\\\\\\\\\\\\\\\\\\\\\\\\\\\\\\\\\\\\\\\\\\\\\\\\\\\\\&quot;div_letra\\\\\\\\\\\\\\\\\\\\\\\\\\\\\\\\\\\\\\\\\\\\\\\\\\\\\\\\\\\\\\\\&quot;\\\\\\\\\\\\\\\\\\\\\\\\\\\\\\\\&quot;\\\\\\\\\\\\\\\\&quot;\\\\\\\\&quot;\\\\&quot;\\\" data-linhas=\\\"\\\\&quot;\\\\\\\\&quot;\\\\\\\\\\\\\\\\&quot;\\\\\\\\\\\\\\\\\\\\\\\\\\\\\\\\&quot;\\\\\\\\\\\\\\\\\\\\\\\\\\\\\\\\\\\\\\\\\\\\\\\\\\\\\\\\\\\\\\\\&quot;8\\\\\\\\\\\\\\\\\\\\\\\\\\\\\\\\\\\\\\\\\\\\\\\\\\\\\\\\\\\\\\\\&quot;\\\\\\\\\\\\\\\\\\\\\\\\\\\\\\\\&quot;\\\\\\\\\\\\\\\\&quot;\\\\\\\\&quot;\\\\&quot;\\\">\r\n<p>Vou torcer pro Vasco ser campe&atilde;o<br /> S&atilde;o Janu&aacute;rio, meu caldeir&atilde;&atilde;o.<br /> Vou torcer pro Vasco ser campe&atilde;o<br /> S&atilde;o Janu&aacute;rio... meu caldeir&atilde;&atilde;o.</p>\r\n<p>Vasco, tua Gl&oacute;ria &eacute; tua hist&oacute;ria<br /> &eacute; relembraar... o expresso da vit&oacute;ria.<br /> Contra o River Plate, sensacional<br /> Gol do JUNINHO, no monumentaaaal.</p>\r\n<p>&nbsp;</p>\r\n<p><a title=\\\"\\\\&quot;Download\\\\&quot;\\\" href=\\\"/cms/post/edit/http:/www.4shared.com/mp3/Ac7rwsxL/GDA_-_08_-_Vou_torcer_pro_Vasc.html\\\" target=\\\"_blank\\\">Download</a></p>\r\n</div>',NULL,NULL,'2013-08-05 23:01:28','2013-08-05 23:46:10','saojanuariocaldeirao',18),(35,3,2,NULL,NULL,'Dá-lhe Vasco Time da Virada','<div id=\\\"div_letra\\\" data-linhas=\\\"8\\\">\r\n<p>D&aacute;-lhe, d&aacute;-lhe, d&aacute;-lhe... D&aacute;-lhe, d&aacute;-lhe, d&aacute;-lhe...<br /> D&aacute;-lhe Vascoo!<br /> D&aacute;-lhe, d&aacute;-lhe, d&aacute;-lhe... D&aacute;-lhe, d&aacute;-lhe, d&aacute;-lhe...<br /> D&aacute;-lhe e&ocirc;oooo!<br /> D&aacute;-lhe, d&aacute;-lhe, d&aacute;-lhe... D&aacute;-lhe Vasco time da virada!<br /> D&aacute;-lhe, d&aacute;-lhe, d&aacute;-lhe... D&aacute;-lhe Vasco time do amor!</p>\r\n<p>&Ocirc;&ocirc;oooo &ocirc;oo&ocirc;o. &Ocirc;&ocirc;oooo &ocirc;oooooo&ocirc;.<br /> &Ocirc;&ocirc;oooo &ocirc;oo&ocirc;o. &Ocirc;&ocirc;oooo &ocirc;oooooo&ocirc;.</p>\r\n</div>',NULL,NULL,'2013-08-05 23:02:19','2013-08-05 23:02:19','timedavirada',19),(36,3,2,NULL,NULL,'Torcida Que Empurra','<p>Torcida que empurra........ em qualquer momento<br /> Todos os dias......&eacute; o que eu mais quero<br /> Nossa torcida........n&atilde;o fica em sil&ecirc;ncio<br /> Amo esse clube.........do almirante<br /> Meu vasco... meu vasco... meu vasco...meu vasco<br /> Meu vasco... meu vasco... meu vasco...meu vasco</p>',NULL,NULL,'2013-08-05 23:02:51','2013-08-05 23:02:51','torcidaqueempurra',20),(37,3,2,NULL,NULL,'Vamos Vamos Meu Vasco','<div id=\\\"div_letra\\\" data-linhas=\\\"4\\\">\r\n<p>Vamos vamos meu Vasco<br /> Hoje eu vim te apoiar</p>\r\n<p>Para te ver campe&atilde;o<br /> Para te ver ganhar</p>\r\n</div>',NULL,NULL,'2013-08-05 23:04:05','2013-08-05 23:04:05','vamosmeuvasco',22),(38,3,2,NULL,NULL,'De Todos os Amores','<div id=\\\"div_letra\\\" data-linhas=\\\"8\\\">\r\n<p>De todos os amores que eu tive &eacute;s o mais antigo<br /> Vasco minha vida, minha hist&oacute;ria, meu primeiro amigo<br /> Quem n&atilde;o te conhece me pergunta porque te segui<br /> Eu levo a cruz de malta no meu peito desde que nasci.</p>\r\n<p>E eu n&atilde;o paro, n&atilde;o paro n&atilde;o.<br /> A cruz de malta Meu cora&ccedil;&atilde;o.<br /> Vasco da gama, minha paix&atilde;o<br /> Vasco da gama, religi&atilde;o.</p>\r\n</div>',NULL,NULL,'2013-08-05 23:04:39','2013-08-05 23:04:39','detodosamores',23),(39,3,2,NULL,NULL,'Vasco é amor, Vasco é paixão','<div id=\\\"div_letra\\\" data-linhas=\\\"6\\\">\r\n<p>Vasco &eacute; amor<br /> Vasco &eacute; paix&atilde;o<br /> <br /> Vasco da Gama pra mim &eacute; religi&atilde;o<br /> Essa paix&atilde;o n&atilde;o vai parar</p>\r\n<p>Estou contigo e hoje n&oacute;s vamos ganhar</p>\r\n</div>',NULL,NULL,'2013-08-05 23:05:10','2013-08-05 23:05:10','vascoamorvascopaixao',24),(40,3,2,NULL,NULL,'Eu Nasci Amando o Vasco Demais','<div id=\\\"\\\\&quot;\\\\\\\\&quot;div_letra\\\\\\\\&quot;\\\\&quot;\\\" data-linhas=\\\"\\\\&quot;\\\\\\\\&quot;22\\\\\\\\&quot;\\\\&quot;\\\">\r\n<p>Eu nasci Amando o Vasco demais<br /> (Eu nasci amando o Vasco)<br /> Tua gl&oacute;ria, Vasco, tua hist&oacute;ria n&atilde;o esque&ccedil;o jamais<br /> Eu nasci Amando o Vasco demais<br /> (Eu nasci amando o Vasco)<br /> Tua gl&oacute;ria, Vasco, tua hist&oacute;ria n&atilde;o esque&ccedil;o jamais</p>\r\n<p>Eu vi o Dener com seus dribles de moleque<br /> O Edmundo brilhar em 97<br /> E o Sorato de cabe&ccedil;a, o gol do Bi, Em pleno Morumbi (eu vi)</p>\r\n<p>Vi o Cocada acabar com a mulambada<br /> Carlos Germano nossa eterna muralha<br /> E a torcida vasca&iacute;na, sempre unida,<br /> Construiu a nossa casa!(eu vi)</p>\r\n<p>Vi o Qui&ntilde;onez balan&ccedil;ando a cabeleira<br /> O Pai Santana beijando nossa bandeira<br /> E a virada mais bonita da hist&oacute;ria O Juninho incendeia</p>\r\n<p>Eu nasci Amando o Vasco demais<br /> (Eu nasci amando o Vasco)<br /> Tua gl&oacute;ria, Vasco, tua hist&oacute;ria n&atilde;o esque&ccedil;o jamais</p>\r\n</div>',NULL,NULL,'2013-08-05 23:07:05','2013-08-05 23:12:45','nasciamandovasco',25),(41,3,2,NULL,NULL,'Sou Vasco Para Sempre','<p><span class=\\\"null\\\">Sou vasco para sempre lalaia laia laia </span></p>\r\n<p><span class=\\\"null\\\">Laia laia laiala lalaia laia </span></p>\r\n<p><span class=\\\"null\\\">So vasco para sempreeee <br /></span></p>',NULL,NULL,'2013-08-06 18:39:16','2013-08-06 18:39:16','souvascosempre',26),(42,3,2,NULL,NULL,'Quando Sobes ao Gramado','<p><span class=\\\"null\\\">Quando sobes ao gramado</span></p>\r\n<p><span class=\\\"null\\\">Estaremos sempre ao seu lado</span></p>\r\n<p><span class=\\\"null\\\">90 minutos sem parar de cantar</span></p>\r\n<p><span class=\\\"null\\\">N&oacute;s viemos para apoiaaaaaaar.</span></p>\r\n<p><span class=\\\"null\\\">&nbsp;</span></p>\r\n<p><span class=\\\"null\\\">Vasco, Vasco </span></p>\r\n<p><span class=\\\"null\\\">OooOoooOooooo </span></p>\r\n<p><span class=\\\"null\\\">OooOoooooOoo </span></p>\r\n<p><span class=\\\"null\\\">Oooooooooo</span></p>',NULL,NULL,'2013-08-06 18:40:21','2013-08-06 18:40:21','quandosobes',27),(43,3,2,NULL,NULL,'Somos Guerreiros','<p><span class=\\\"null\\\">Somos.</span></p>\r\n<p><span class=\\\"null\\\">Somos Guerreiros</span></p>\r\n<p><span class=\\\"null\\\">E apoiaremos </span></p>\r\n<p><span class=\\\"null\\\">o Vasco para sempre</span></p>',NULL,NULL,'2013-08-06 18:41:17','2013-08-06 18:41:17','somosguerreiros',28),(44,3,2,NULL,NULL,'Vamos Vasco, Vamos','<p><span class=\\\"null\\\">&Ocirc;&ocirc;&ocirc;&Ocirc;&Ocirc; vamos Vasco, vamos </span></p>\r\n<p><span class=\\\"null\\\"><span class=\\\"null\\\">&Ocirc;&ocirc;&ocirc;&Ocirc;&Ocirc;&ocirc;&ocirc;</span></span></p>\r\n<p><span class=\\\"null\\\"><span class=\\\"null\\\">&Ocirc;&ocirc;&ocirc;&Ocirc;&Ocirc;</span> vamos Vasco, vamos</span></p>\r\n<p><span class=\\\"null\\\">Que est&aacute; noite n&oacute;s ganhamos</span></p>',NULL,NULL,'2013-08-06 18:43:18','2013-08-06 18:43:18','vamosvasco',29),(45,3,2,NULL,NULL,'Eu Só Quero Ganhar da Mulambada','<p><span class=\\\"null\\\">Eu s&oacute; quero ganhar da mulambada</span></p>\r\n<p><span class=\\\"null\\\">Calando toda imprensa que veio nos secar</span></p>\r\n<p><span class=\\\"null\\\">Vamos Vasco com for&ccedil;a vamos em frente </span></p>\r\n<p><span class=\\\"null\\\">No ritimo envolvente </span></p>\r\n<p><span class=\\\"null\\\">N&oacute;s vamos delirar </span></p>\r\n<p><span class=\\\"null\\\">&nbsp;</span></p>\r\n<p><span class=\\\"null\\\">Por isso eu quero cantar </span></p>\r\n<p><span class=\\\"null\\\">Vasco de cora&ccedil;&atilde;o</span></p>\r\n<p><span class=\\\"null\\\">Eu te sigo a toda parte</span></p>\r\n<p><span class=\\\"null\\\">Tu ser&aacute;s o campe&atilde;o</span></p>\r\n<p><span class=\\\"null\\\">&nbsp;</span></p>\r\n<p><span class=\\\"null\\\">Mulambada fedorenta</span></p>\r\n<p><span class=\\\"null\\\">O Vasco n&atilde;o &eacute;s como tu </span></p>\r\n<p><span class=\\\"null\\\">Urubu &eacute; tudo puto </span></p>\r\n<p><span class=\\\"null\\\">Vai tomar nesse seu cu</span></p>',NULL,NULL,'2013-08-06 18:46:13','2013-08-06 18:46:13','soqueroganhar',30),(46,3,2,NULL,NULL,'Vamos Bacalhau','<p><span class=\\\"null\\\">&Ocirc;&ocirc;&ocirc;&Ocirc;&Ocirc; vamos bacalhau</span></p>\r\n<p><span class=\\\"null\\\">Vamos bacalhau </span></p>\r\n<p><span class=\\\"null\\\">Vamos bacalhau </span></p>\r\n<p><span class=\\\"null\\\">Vamos bacalhau..</span></p>',NULL,NULL,'2013-08-06 18:47:09','2013-08-06 18:47:09','vamosbacalhau',31),(47,3,2,NULL,NULL,'Gol do Juninho no Monumental','<p><span class=\\\"null\\\">Gol do Juninho no Monumetal</span></p>\r\n<p><span class=\\\"null\\\">Nunca me sai da mem&oacute;ria</span></p>\r\n<p><span class=\\\"null\\\">98 o ano triunfal</span></p>\r\n<p><span class=\\\"null\\\">E a Am&eacute;rica &eacute; nossa </span></p>\r\n<p><span class=\\\"null\\\">&nbsp;</span></p>\r\n<p><span class=\\\"null\\\">Que se foda o River Plate</span></p>\r\n<p><span class=\\\"null\\\">Mais essa entrou para hist&oacute;ria</span></p>\r\n<p><span class=\\\"null\\\">&nbsp;</span></p>\r\n<p><span class=\\\"null\\\">Vamos, vamos meu Vasc&atilde;o</span></p>\r\n<p><span class=\\\"null\\\">Reconquistar essa gl&oacute;ria</span></p>',NULL,NULL,'2013-08-06 18:49:22','2013-08-06 18:49:22','goldojuninho',32),(48,3,2,NULL,NULL,'Vamos Jogar Com Garra Que Ganhamos','<p><span class=\\\"null\\\">Vamos Vasco, vamos</span></p>\r\n<p><span class=\\\"null\\\">Vamos jogar com garra que ganhamos</span></p>\r\n<p><span class=\\\"null\\\">Trazer o campeonato pra Colina</span></p>\r\n<p><span class=\\\"null\\\">Porque o sentimento n&atilde;o termina</span></p>\r\n<p><span class=\\\"null\\\">N&atilde;o termina</span></p>',NULL,NULL,'2013-08-06 18:51:35','2013-08-06 18:51:35','vamosjogargarra',34),(49,3,2,NULL,NULL,'Vamos Bravo Almirante','<p><span class=\\\"null\\\">Vamos bravo Almirante</span></p>\r\n<p><span class=\\\"null\\\">Essa noite, te quero ver ganhar</span></p>',NULL,NULL,'2013-08-06 18:52:46','2013-08-06 18:52:46','bravoalmirante',35),(50,3,2,NULL,NULL,'Bambi Fala Pra mim','<p><span class=\\\"null\\\">Bambi fala pra mim</span></p>\r\n<p><span class=\\\"null\\\">Fala o que voc&ecirc; senti por mim</span></p>\r\n<p><span class=\\\"null\\\">&nbsp;</span></p>\r\n<p><span class=\\\"null\\\">Diga o que ser&aacute;, </span></p>\r\n<p><span class=\\\"null\\\">Luis Carlos Winck foi cruzar</span></p>\r\n<p><span class=\\\"null\\\">&nbsp;</span></p>\r\n<p><span class=\\\"null\\\">Foi o Sorato que botou a cabecinha</span></p>\r\n<p><span class=\\\"null\\\">Ea bicharada ficou maluquinha (2x)<br /></span></p>',NULL,NULL,'2013-08-06 18:55:50','2013-08-06 18:55:50','bambifalamim',36),(51,3,2,NULL,NULL,'Sou do Grande Clube da Colina','<p><span class=\\\"null\\\">Eu sou do grande clube da Colina</span></p>\r\n<p><span class=\\\"null\\\">De muitas alegrias</span></p>\r\n<p><span class=\\\"null\\\">Eu sou Vasco da Gama </span></p>\r\n<p><span class=\\\"null\\\">&nbsp;</span></p>\r\n<p><span class=\\\"null\\\">Esse meu time &eacute; mesmo da fuzarca</span></p>\r\n<p><span class=\\\"null\\\">O time da virada</span></p>\r\n<p><span class=\\\"null\\\">Eu sou da Cruz de Malta</span></p>\r\n<p><span class=\\\"null\\\">&nbsp;</span></p>\r\n<p><span class=\\\"null\\\">Sou vasca&iacute;no e nunca desisto</span></p>\r\n<p><span class=\\\"null\\\">Eu estou contigo rumo &agrave; vitoria</span></p>\r\n<p><span class=\\\"null\\\">&nbsp;</span></p>\r\n<p><span class=\\\"null\\\">Como &eacute; bonito poder festejar</span></p>\r\n<p><span class=\\\"null\\\">Torcer e relembrar todas as suas gl&oacute;rias</span></p>\r\n<p><span class=\\\"null\\\">&nbsp;</span></p>\r\n<p><span class=\\\"null\\\">Sou vascao at&eacute; morrer</span></p>\r\n<p><span class=\\\"null\\\">&Ocirc;&ocirc;&ocirc;&ocirc;&ocirc; </span></p>\r\n<p><span class=\\\"null\\\">E vim para vencer</span></p>\r\n<p><span class=\\\"null\\\"><span class=\\\"null\\\">&Ocirc;&ocirc;&ocirc;&ocirc;&ocirc; </span></span></p>\r\n<p><span class=\\\"null\\\">Orgulho de dizer</span></p>\r\n<p><span class=\\\"null\\\">Que eu sou vasca&iacute;no com muito prazer</span></p>',NULL,NULL,'2013-08-06 18:58:49','2013-08-06 18:58:49','grandeclubedacolina',37),(52,3,2,NULL,NULL,'Dá-lhe Bacalhau','<p><span class=\\\"null\\\">D&aacute;-lhe bacalhau</span></p>\r\n<p><span class=\\\"null\\\">E por voc&ecirc; n&atilde;o paro de cantar</span></p>\r\n<p><span class=\\\"null\\\">Amor igual a este </span></p>\r\n<p><span class=\\\"null\\\">Ningu&eacute;m tem </span></p>\r\n<p><span class=\\\"null\\\">Juntos vamos ganhar </span></p>\r\n<p><span class=\\\"null\\\">&nbsp;</span></p>\r\n<p><span class=\\\"null\\\">Enquanto eu viver</span></p>\r\n<p><span class=\\\"null\\\">Vasco querido sempre eis de ser</span></p>\r\n<p><span class=\\\"null\\\">&nbsp;</span></p>\r\n<p><span class=\\\"null\\\">Coragem e alegria de torcer</span></p>\r\n<p><span class=\\\"null\\\">Pra sempre te apoiar</span></p>\r\n<p><span class=\\\"null\\\">&nbsp;</span></p>\r\n<p><span class=\\\"null\\\">D&aacute;-lhe meu Vasco</span></p>\r\n<p><span class=\\\"null\\\">E d</span><span class=\\\"null\\\"><span class=\\\"null\\\">&aacute;-lhe</span> d</span><span class=\\\"null\\\"><span class=\\\"null\\\">&aacute;-lhe</span> d</span><span class=\\\"null\\\"><span class=\\\"null\\\">&aacute;-lhe</span></span></p>\r\n<p><span class=\\\"null\\\"><span class=\\\"null\\\">D&aacute;-lhe</span> &ocirc; </span></p>\r\n<p><span class=\\\"null\\\">E d</span><span class=\\\"null\\\"><span class=\\\"null\\\">&aacute;-lhe</span> d</span><span class=\\\"null\\\"><span class=\\\"null\\\">&aacute;-lhe</span> d</span><span class=\\\"null\\\"><span class=\\\"null\\\">&aacute;-lhe</span></span></p>\r\n<p><span class=\\\"null\\\"><span class=\\\"null\\\">D&aacute;-lhe</span> &ocirc; </span></p>\r\n<p><span class=\\\"null\\\">E d&aacute;-lhe meu Vasco</span></p>',NULL,NULL,'2013-08-06 19:02:59','2013-08-06 19:02:59','dalhebacalhau',33),(53,3,2,NULL,NULL,'Vamos Vasco Pra Vitória','<p><span class=\\\"null\\\">Vamos Vasco pra vit&oacute;ria</span></p>\r\n<p><span class=\\\"null\\\">Vamos Vasco toda hora</span></p>\r\n<p><span class=\\\"null\\\">&nbsp;</span></p>\r\n<p><span class=\\\"null\\\">Nunca temo o perigo</span></p>\r\n<p><span class=\\\"null\\\">Aonde for estarei contigo</span></p>\r\n<p><span class=\\\"null\\\">&nbsp;</span></p>\r\n<p><span class=\\\"null\\\">De Norte a Sul vou te apoiar</span></p>',NULL,NULL,'2013-08-06 19:04:32','2013-08-06 19:04:32','vamosvascovitoria',38),(55,3,2,NULL,NULL,'Uma Cigana Louca','<p class=\\\"uiStreamMessage userContentWrapper\\\" data-ft=\\\"{&quot;type&quot;:1,&quot;tn&quot;:&quot;K&quot;}\\\"><span class=\\\"messageBody\\\" data-ft=\\\"{&quot;type&quot;:3}\\\"><span class=\\\"userContent\\\">Uma cigana louca jogou as cartas...<br /> E me falou que o Vasco vai ser campe&atilde;o<br /> Como naquela virada no Palestra It&aacute;lia<br /> A MERCOSUL marcou nossa gera&ccedil;&atilde;o!</span></span></p>\r\n<p class=\\\"uiStreamMessage userContentWrapper\\\" data-ft=\\\"{&quot;type&quot;:1,&quot;tn&quot;:&quot;K&quot;}\\\"><span class=\\\"messageBody\\\" data-ft=\\\"{&quot;type&quot;:3}\\\"><span class=\\\"userContent\\\"><br /> E me disse uma cigana... E me disse com fervor...<br /> Que Deus tem lugar guardado pra quem morre por amor...<br /> E me disse uma cigana... Eu te digo: \\\"PODES CRER!\\\"...<br /> Eu amo VASCO DA GAMA e por ele eu vou morrer!</span></span></p>',NULL,NULL,'2013-08-07 23:21:49','2013-08-07 23:21:49','ciganalouca',40),(56,3,2,NULL,NULL,'Não Vou Parar De Te Amar','<p class=\\\"_kso fsm direction_ltr _55r0\\\" data-jsid=\\\"message\\\"><span class=\\\"null\\\">N&atilde;o importa se quando eu morrer,</span></p>\r\n<p class=\\\"_kso fsm direction_ltr _55r0\\\" data-jsid=\\\"message\\\"><span class=\\\"null\\\">Um anjo pro c&eacute;u me levar</span></p>\r\n<p class=\\\"_kso fsm direction_ltr _55r0\\\" data-jsid=\\\"message\\\"><span class=\\\"null\\\">N&atilde;o vou parar de te amar,</span></p>\r\n<p class=\\\"_kso fsm direction_ltr _55r0\\\" data-jsid=\\\"message\\\"><span class=\\\"null\\\">Eu n&atilde;o vou parar de te amar</span></p>\r\n<p class=\\\"_kso fsm direction_ltr _55r0\\\" data-jsid=\\\"message\\\"><span class=\\\"null\\\">&nbsp;</span></p>\r\n<p class=\\\"_kso fsm direction_ltr _55r0\\\" data-jsid=\\\"message\\\"><span class=\\\"null\\\">E se pro inferno eu for,</span></p>\r\n<p class=\\\"_kso fsm direction_ltr _55r0\\\" data-jsid=\\\"message\\\"><span class=\\\"null\\\">Minha alma no fogo queimar,</span></p>\r\n<p class=\\\"_kso fsm direction_ltr _55r0\\\" data-jsid=\\\"message\\\"><span class=\\\"null\\\">Eu n&atilde;o vou parar de te amar</span></p>\r\n<p class=\\\"_kso fsm direction_ltr _55r0\\\" data-jsid=\\\"message\\\"><span class=\\\"null\\\">Eu n&atilde;o vou parar de te amar</span></p>\r\n<p class=\\\"_kso fsm direction_ltr _55r0\\\" data-jsid=\\\"message\\\"><span class=\\\"null\\\">&nbsp;</span></p>\r\n<p class=\\\"_kso fsm direction_ltr _55r0\\\" data-jsid=\\\"message\\\"><span class=\\\"null\\\">S&oacute; louco vai me acompanhar,</span></p>\r\n<p class=\\\"_kso fsm direction_ltr _55r0\\\" data-jsid=\\\"message\\\"><span class=\\\"null\\\">No hosp&iacute;cio n&atilde;o quero ficar</span></p>\r\n<p class=\\\"_kso fsm direction_ltr _55r0\\\" data-jsid=\\\"message\\\"><span class=\\\"null\\\">No Vasco &eacute; o meu lugar, </span></p>\r\n<p class=\\\"_kso fsm direction_ltr _55r0\\\" data-jsid=\\\"message\\\"><span class=\\\"null\\\">Santana vai me iluminar</span></p>',NULL,NULL,'2013-08-07 23:40:35','2013-08-07 23:40:35','naovouparardeamar',41),(57,5,2,NULL,NULL,'Convocação para finais de futsal neste sábado','<p><span>GUERREIROS EM TODOS OS ESPORTES</span><br /><br /><span>Guerreiros(as),</span><br /><br /><span>Convoco aqui para as finais do Campeonato Carioca da SuperLiga Futsal Rio das categorias sub-11 e sub-13. Vasco est&aacute; em ambas e decide o t&iacute;tulo em casa.</span><span class=\\\"\\\\&quot;text_exposed_show\\\\&quot;\\\"><br /><br /><strong>Dia: 10/08 (S&aacute;bado)</strong><br /><strong>Hor&aacute;rio: 11h</strong><br /><strong>Local: S&atilde;o Janu&aacute;rio (Nas quadras atr&aacute;s do vesti&aacute;rio do futebol)</strong><br /><strong>C.R. Vasco da Gama x S.E. Real (de Barra Mansa)</strong><br /><br />&Eacute; aquela mulecada que tava com a gente bandeirando e cantando no jogo contra o Coritiba pela Copa do Brasil sub-17.<br /><br />Vamos dar essa moral para a garotada.<br /><br />COMPARE&Ccedil;AM!</span></p>',NULL,NULL,'2013-08-10 01:42:30','2013-08-10 01:44:52','finaisfutsal',1),(58,5,2,NULL,NULL,'Convocação para Vasco x Nacional/AM','<p><span style=\"color: #141823; font-family: \'Helvetica Neue\', Helvetica, Arial, \'lucida grande\', tahoma, verdana, arial, sans-serif; font-size: 14px; line-height: 18px;\">Guerreiros(as),</span><br style=\"color: #141823; font-family: \'Helvetica Neue\', Helvetica, Arial, \'lucida grande\', tahoma, verdana, arial, sans-serif; font-size: 14px; line-height: 18px;\" /><br style=\"color: #141823; font-family: \'Helvetica Neue\', Helvetica, Arial, \'lucida grande\', tahoma, verdana, arial, sans-serif; font-size: 14px; line-height: 18px;\" /><span style=\"color: #141823; font-family: \'Helvetica Neue\', Helvetica, Arial, \'lucida grande\', tahoma, verdana, arial, sans-serif; font-size: 14px; line-height: 18px;\">O Vasco tem um jogo em um hor&aacute;rio indesej&aacute;vel em pleno dia de semana, mas nem por causa disso deixaremos de comparecer e dar o show de apoio que estamos dando durante o ano de 2013.</span><br style=\"color: #141823; font-family: \'Helvetica Neue\', Helvetica, Arial, \'lucida grande\', tahoma, verdana, arial, sans-serif; font-size: 14px; line-height: 18px;\" /><br style=\"color: #141823; font-family: \'Helvetica Neue\', Helvetica, Arial, \'lucida grande\', tahoma, verdana, arial, sans-serif; font-size: 14px; line-height: 18px;\" /><span style=\"color: #141823; font-family: \'Helvetica Neue\', Helvetica, Arial, \'lucida grande\', tahoma, verdana, arial, sans-serif; font-size: 14px; line-height: 18px;\">O Valor do ingresso t&aacute; R$ 20,00 (inteira) / R$ 10,00 (meia).</span><br style=\"color: #141823; font-family: \'Helvetica Neue\', Helvetica, Arial, \'lucida grande\', tahoma, verdana, arial, sans-serif; font-size: 14px; line-height: 18px;\" /><br style=\"color: #141823; font-family: \'Helvetica Neue\', Helvetica, Arial, \'lucida grande\', tahoma, verdana, arial, sans-serif; font-size: 14px; line-height: 18px;\" /><span style=\"color: #141823; font-family: \'Helvetica Neue\', Helvetica, Arial, \'lucida grande\', tahoma, verdana, arial, sans-serif; font-size: 14px; line-height: 18px;\">Os pontos de vendas n&atilde;o foram divulgados ainda.</span><br style=\"color: #141823; font-family: \'Helvetica Neue\', Helvetica, Arial, \'lucida grande\', tahoma, verdana, arial, sans-serif; font-size: 14px; line-height: 18px;\" /><span style=\"color: #141823; font-family: \'Helvetica Neue\', Helvetica, Arial, \'lucida grande\', tahoma, verdana, arial, sans-serif; font-size: 14px; line-height: 18px;\">Mas j&aacute; est&aacute; sendo vendido ingresso no site&nbsp;</span><a style=\"color: #2e57aa; cursor: pointer; text-decoration: none; font-family: \'Helvetica Neue\', Helvetica, Arial, \'lucida grande\', tahoma, verdana, arial, sans-serif; font-size: 14px; line-height: 18px;\" href=\"http://www.facebook.com/l.php?u=http%3A%2F%2Fwww.futebolcard.com%2F&amp;h=TAQFaB6jqAQH2Qa9SAeMpEZkhCFDYhlCsCKVxyNhcbLr0CA&amp;enc=AZMuW-v1E-vMf0Y0rYaol14Qm8qzom8Q36D1pANTWJyaV4hWjDful8x_U3ILtv3bq7DEa_2cvS-ZETbvX0f4qK4oGcjf7xgWk2myPw5xb8n7bwjFBxDrIzXkfyj6PemQzQc&amp;s=1\" rel=\"nofollow\" target=\"_blank\">www.futebolcard.com</a><br style=\"color: #141823; font-family: \'Helvetica Neue\', Helvetica, Arial, \'lucida grande\', tahoma, verdana, arial, sans-serif; font-size: 14px; line-height: 18px;\" /><br style=\"color: #141823; font-family: \'Helvetica Neue\', Helvetica, Arial, \'lucida grande\', tahoma, verdana, arial, sans-serif; font-size: 14px; line-height: 18px;\" /><span style=\"color: #141823; font-family: \'Helvetica Neue\', Helvetica, Arial, \'lucida grande\', tahoma, verdana, arial, sans-serif; font-size: 14px; line-height: 18px;\">ENT&Atilde;O VAMOS PARA MAIS UM DESCONTROLE!</span><br style=\"color: #141823; font-family: \'Helvetica Neue\', Helvetica, Arial, \'lucida grande\', tahoma, verdana, arial, sans-serif; font-size: 14px; line-height: 18px;\" /><br style=\"color: #141823; font-family: \'Helvetica Neue\', Helvetica, Arial, \'lucida grande\', tahoma, verdana, arial, sans-serif; font-size: 14px; line-height: 18px;\" /><span style=\"color: #141823; font-family: \'Helvetica Neue\', Helvetica, Arial, \'lucida grande\', tahoma, verdana, arial, sans-serif; font-size: 14px; line-height: 18px;\">Sauda&ccedil;&otilde;es Vasca&iacute;nas!</span></p>\r\n<p><span style=\"color: #141823; font-family: \'Helvetica Neue\', Helvetica, Arial, \'lucida grande\', tahoma, verdana, arial, sans-serif; font-size: 14px; line-height: 18px;\">&nbsp;</span></p>\r\n<p><img src=\"/../../../uploads/convcao.jpg\" alt=\"\" width=\"403\" height=\"403\" /></p>',NULL,NULL,'2013-08-27 22:26:51','2013-08-27 22:26:51','convocacao-vascoxnacional',2);
/*!40000 ALTER TABLE `Post` ENABLE KEYS */;
UNLOCK TABLES;

--
-- Table structure for table `PostAttachment`
--

DROP TABLE IF EXISTS `PostAttachment`;
/*!40101 SET @saved_cs_client     = @@character_set_client */;
/*!40101 SET character_set_client = utf8 */;
CREATE TABLE `PostAttachment` (
  `id` int(11) NOT NULL AUTO_INCREMENT,
  `post_id` int(11) NOT NULL,
  `path` varchar(255) COLLATE utf8_unicode_ci NOT NULL,
  `file_name` varchar(100) COLLATE utf8_unicode_ci NOT NULL,
  `mime` varchar(30) COLLATE utf8_unicode_ci NOT NULL,
  PRIMARY KEY (`id`),
  KEY `IDX_17947D594B89032C` (`post_id`),
  CONSTRAINT `FK_17947D594B89032C` FOREIGN KEY (`post_id`) REFERENCES `Post` (`id`)
) ENGINE=InnoDB DEFAULT CHARSET=utf8 COLLATE=utf8_unicode_ci;
/*!40101 SET character_set_client = @saved_cs_client */;

--
-- Dumping data for table `PostAttachment`
--

LOCK TABLES `PostAttachment` WRITE;
/*!40000 ALTER TABLE `PostAttachment` DISABLE KEYS */;
/*!40000 ALTER TABLE `PostAttachment` ENABLE KEYS */;
UNLOCK TABLES;

--
-- Table structure for table `PostType`
--

DROP TABLE IF EXISTS `PostType`;
/*!40101 SET @saved_cs_client     = @@character_set_client */;
/*!40101 SET character_set_client = utf8 */;
CREATE TABLE `PostType` (
  `id` int(11) NOT NULL AUTO_INCREMENT,
  `name` varchar(255) COLLATE utf8_unicode_ci NOT NULL,
  `description` longtext COLLATE utf8_unicode_ci NOT NULL,
  `in_menu` tinyint(1) DEFAULT '0',
  `slug` varchar(128) COLLATE utf8_unicode_ci NOT NULL,
  `position` int(11) NOT NULL,
  `editable` tinyint(1) NOT NULL DEFAULT '1',
  PRIMARY KEY (`id`),
  UNIQUE KEY `UNIQ_C1B60EC8989D9B62` (`slug`)
) ENGINE=InnoDB AUTO_INCREMENT=8 DEFAULT CHARSET=utf8 COLLATE=utf8_unicode_ci;
/*!40101 SET character_set_client = @saved_cs_client */;

--
-- Dumping data for table `PostType`
--

LOCK TABLES `PostType` WRITE;
/*!40000 ALTER TABLE `PostType` DISABLE KEYS */;
INSERT INTO `PostType` VALUES (1,'page','<p>Tipo de post referente as p&aacute;ginas</p>',1,'page',-1,1),(3,'Músicas','<p>Aqui entram as m&uacute;sicas da torcida.</p>',1,'musicas',5,1),(4,'Caravanas','<p>Aqui entram as caravanas</p>',1,'caravanas',7,1),(5,'Notícias','<p>Not&iacute;cias do site</p>',0,'noticias',100,1),(6,'Fotos','<p>Fotos.</p>',0,'fotos',101,1),(7,'Vídeos','<p>V&iacute;deos</p>',0,'videos',102,1);
/*!40000 ALTER TABLE `PostType` ENABLE KEYS */;
UNLOCK TABLES;

--
-- Table structure for table `Taxonomy`
--

DROP TABLE IF EXISTS `Taxonomy`;
/*!40101 SET @saved_cs_client     = @@character_set_client */;
/*!40101 SET character_set_client = utf8 */;
CREATE TABLE `Taxonomy` (
  `id` int(11) NOT NULL AUTO_INCREMENT,
  `name` varchar(100) COLLATE utf8_unicode_ci NOT NULL,
  `description` longtext COLLATE utf8_unicode_ci NOT NULL,
  `slug` varchar(128) COLLATE utf8_unicode_ci NOT NULL,
  `postTypes_id` int(11) DEFAULT NULL,
  PRIMARY KEY (`id`),
  UNIQUE KEY `UNIQ_464DA6B989D9B62` (`slug`),
  KEY `IDX_464DA6B3E64074F` (`postTypes_id`),
  CONSTRAINT `FK_464DA6B3E64074F` FOREIGN KEY (`postTypes_id`) REFERENCES `PostType` (`id`)
) ENGINE=InnoDB AUTO_INCREMENT=5 DEFAULT CHARSET=utf8 COLLATE=utf8_unicode_ci;
/*!40101 SET character_set_client = @saved_cs_client */;

--
-- Dumping data for table `Taxonomy`
--

LOCK TABLES `Taxonomy` WRITE;
/*!40000 ALTER TABLE `Taxonomy` DISABLE KEYS */;
INSERT INTO `Taxonomy` VALUES (1,'Tipo de Multimidia','<p>Qual tipo de multim&iacute;dia.</p>','tipo-multimidia',NULL),(2,'Teste','<p>teste</p>','teste',NULL),(3,'Tipo de Notícia','<p>Tipo de not&iacute;cia</p>','tipo-de-noticia',NULL),(4,'Galeria','<p>Galeria de fotos.</p>','galeria',NULL);
/*!40000 ALTER TABLE `Taxonomy` ENABLE KEYS */;
UNLOCK TABLES;

--
-- Table structure for table `Term`
--

DROP TABLE IF EXISTS `Term`;
/*!40101 SET @saved_cs_client     = @@character_set_client */;
/*!40101 SET character_set_client = utf8 */;
CREATE TABLE `Term` (
  `id` int(11) NOT NULL AUTO_INCREMENT,
  `daddy_id` int(11) DEFAULT NULL,
  `posts_id` int(11) DEFAULT NULL,
  `name` varchar(100) COLLATE utf8_unicode_ci NOT NULL,
  `description` longtext COLLATE utf8_unicode_ci NOT NULL,
  `slug` varchar(128) COLLATE utf8_unicode_ci NOT NULL,
  `taxonomy_id` int(11) DEFAULT NULL,
  PRIMARY KEY (`id`),
  UNIQUE KEY `UNIQ_53D48B3989D9B62` (`slug`),
  KEY `IDX_53D48B36CA2598C` (`daddy_id`),
  KEY `IDX_53D48B3D5E258C5` (`posts_id`),
  KEY `IDX_53D48B39557E6F6` (`taxonomy_id`),
  CONSTRAINT `FK_53D48B36CA2598C` FOREIGN KEY (`daddy_id`) REFERENCES `Term` (`id`) ON DELETE SET NULL,
  CONSTRAINT `FK_53D48B39557E6F6` FOREIGN KEY (`taxonomy_id`) REFERENCES `Taxonomy` (`id`),
  CONSTRAINT `FK_53D48B3D5E258C5` FOREIGN KEY (`posts_id`) REFERENCES `Post` (`id`)
) ENGINE=InnoDB DEFAULT CHARSET=utf8 COLLATE=utf8_unicode_ci;
/*!40101 SET character_set_client = @saved_cs_client */;

--
-- Dumping data for table `Term`
--

LOCK TABLES `Term` WRITE;
/*!40000 ALTER TABLE `Term` DISABLE KEYS */;
/*!40000 ALTER TABLE `Term` ENABLE KEYS */;
UNLOCK TABLES;

--
-- Table structure for table `User`
--

DROP TABLE IF EXISTS `User`;
/*!40101 SET @saved_cs_client     = @@character_set_client */;
/*!40101 SET character_set_client = utf8 */;
CREATE TABLE `User` (
  `id` int(11) NOT NULL AUTO_INCREMENT,
  `username` varchar(255) COLLATE utf8_unicode_ci NOT NULL,
  `username_canonical` varchar(255) COLLATE utf8_unicode_ci NOT NULL,
  `email` varchar(255) COLLATE utf8_unicode_ci NOT NULL,
  `email_canonical` varchar(255) COLLATE utf8_unicode_ci NOT NULL,
  `enabled` tinyint(1) NOT NULL,
  `salt` varchar(255) COLLATE utf8_unicode_ci NOT NULL,
  `password` varchar(255) COLLATE utf8_unicode_ci NOT NULL,
  `last_login` datetime DEFAULT NULL,
  `locked` tinyint(1) NOT NULL,
  `expired` tinyint(1) NOT NULL,
  `expires_at` datetime DEFAULT NULL,
  `confirmation_token` varchar(255) COLLATE utf8_unicode_ci DEFAULT NULL,
  `password_requested_at` datetime DEFAULT NULL,
  `roles` longtext COLLATE utf8_unicode_ci NOT NULL COMMENT '(DC2Type:array)',
  `credentials_expired` tinyint(1) NOT NULL,
  `credentials_expire_at` datetime DEFAULT NULL,
  `name` varchar(100) COLLATE utf8_unicode_ci DEFAULT NULL,
  PRIMARY KEY (`id`),
  UNIQUE KEY `UNIQ_2DA1797792FC23A8` (`username_canonical`),
  UNIQUE KEY `UNIQ_2DA17977A0D96FBF` (`email_canonical`)
) ENGINE=InnoDB AUTO_INCREMENT=3 DEFAULT CHARSET=utf8 COLLATE=utf8_unicode_ci;
/*!40101 SET character_set_client = @saved_cs_client */;

--
-- Dumping data for table `User`
--

LOCK TABLES `User` WRITE;
/*!40000 ALTER TABLE `User` DISABLE KEYS */;
INSERT INTO `User` VALUES (1,'admin','admin','admin','admin',1,'ctlcotw3dzk80oo84g0kw8kc0sskgc8','9wYxXJOUBASJ/lC7xvrsuJ8jCwP2z/LkyEGYOz8BcTLfiRS1V584sn3TEqSNzEnmg+7aoJKnWgDUWnf6oOfiSg==','2013-08-02 16:32:36',0,0,NULL,NULL,NULL,'a:1:{i:0;s:16:\"ROLE_SUPER_ADMIN\";}',0,NULL,NULL),(2,'chico','chico','tiochico@guerreirosdoalmirante.com.br','tiochico@guerreirosdoalmirante.com.br',1,'pziv2p22ksg4g484ogc0css4s08oow0','t784ASJRCvdrRTo44LDCxb7mlHA3RCqtug3ZLIhKLqvenkDinf3nq6Qaut91i9KDmX2rxJMrOudZtRVhvpowAA==','2013-08-27 20:33:17',0,0,NULL,NULL,NULL,'a:1:{i:0;s:10:\"ROLE_ADMIN\";}',0,NULL,NULL);
/*!40000 ALTER TABLE `User` ENABLE KEYS */;
UNLOCK TABLES;

--
-- Table structure for table `UserPermission`
--

DROP TABLE IF EXISTS `UserPermission`;
/*!40101 SET @saved_cs_client     = @@character_set_client */;
/*!40101 SET character_set_client = utf8 */;
CREATE TABLE `UserPermission` (
  `id` int(11) NOT NULL AUTO_INCREMENT,
  `user_id` int(11) DEFAULT NULL,
  `permissions` longtext COLLATE utf8_unicode_ci NOT NULL COMMENT '(DC2Type:object)',
  PRIMARY KEY (`id`),
  UNIQUE KEY `UNIQ_2F0CC55BA76ED395` (`user_id`),
  CONSTRAINT `FK_2F0CC55BA76ED395` FOREIGN KEY (`user_id`) REFERENCES `User` (`id`)
) ENGINE=InnoDB DEFAULT CHARSET=utf8 COLLATE=utf8_unicode_ci;
/*!40101 SET character_set_client = @saved_cs_client */;

--
-- Dumping data for table `UserPermission`
--

LOCK TABLES `UserPermission` WRITE;
/*!40000 ALTER TABLE `UserPermission` DISABLE KEYS */;
/*!40000 ALTER TABLE `UserPermission` ENABLE KEYS */;
UNLOCK TABLES;
/*!40103 SET TIME_ZONE=@OLD_TIME_ZONE */;

/*!40101 SET SQL_MODE=@OLD_SQL_MODE */;
/*!40014 SET FOREIGN_KEY_CHECKS=@OLD_FOREIGN_KEY_CHECKS */;
/*!40014 SET UNIQUE_CHECKS=@OLD_UNIQUE_CHECKS */;
/*!40101 SET CHARACTER_SET_CLIENT=@OLD_CHARACTER_SET_CLIENT */;
/*!40101 SET CHARACTER_SET_RESULTS=@OLD_CHARACTER_SET_RESULTS */;
/*!40101 SET COLLATION_CONNECTION=@OLD_COLLATION_CONNECTION */;
/*!40111 SET SQL_NOTES=@OLD_SQL_NOTES */;

-- Dump completed on 2013-08-27 22:27:18
